/,CQI,PUCCH,PUSCH,HARQ,user equipment,transmit power,base station,
2009,0,0,0,0.019350473612990526,0.24695595214863594,0.2680751692006042,0.5652830170671597,
2010,0.21780551587661603,0,0,0.09208908528639823,0.2708968202782969,0.14444010433104382,0.5550039996301067,
2011,0.25064192054386947,0.46251614569878596,0.493774218548179,0.18226786431373965,0.2110953065427798,0.08783177862285357,0.47172643383720625,
2012,0.26973934657938076,0.2794029977857264,0.18917830549436365,0.16027738204999667,0.37292477947406066,0.3438241103215977,0.47187807054752895,
2013,0.352722961108855,0.2175936400472225,0.26909268848276346,0.34898565330624126,0.35504968735905945,0.2816374583877173,0.4977987793822655,
2014,0.20373165084828293,0.20681518384959446,0.2567107692379003,0.2547178284307019,0.37196495340866415,0.3809910690192295,0.49117859458191093,
2015,0.21187761590160165,0.24153323709984192,0.24613064275347576,0.3695860356451385,0.39662154317908066,0.35286388433925386,0.499723237421991,
