/,FDMA,TDMA,CDMA,OFDMA,SC-FDMA,TD-SCDMA,MIMO,eNode,
2009,0,0.4303503646707383,0.23751260382717002,0.3376851660016973,0,0.046190226738749604,0.13060224079567567,0,
2010,0.102940066330561,0.28277742632835673,0.1704947135016031,0.14981604637574206,0,0,0.09954341034541243,0,
2011,0.014951456310679609,0.31820308124956165,0.17732025617490296,0.16183149994735427,0,0.02914718666336091,0.25548047177465266,0,
2012,0.19936249985099536,0.024078219909418906,0.0745443857890933,0.1212678205576656,0,0,0.42880937282865017,0.022585295530994715,
2013,0.046974894359602296,0.09459906724838274,0.0780261707729319,0.14784356595897544,0.3233082706766917,0.29640612409347317,0.1898596664687427,0.2126935324475678,
2014,0,0.11912395037697125,0.14313529429202673,0.07319044540422283,0.05185673712856677,0,0.2914243348111822,0.3670130641330166,
2015,0.16788091310436173,0,0.16910577419507708,0.20894178565722887,0.14854776681794718,0,0.13952716317129926,0,
